0,"Pass"," ","text.ini",5,12,5301264,5425128,
1,"Wing"," ","text.ini",5,12,5301500,5425384,
2,"Herb"," ","text.ini",5,12,5301524,5425400,
3,"Gene"," ","text.ini",5,12,5301916,5221492,
4,"Zava"," ","text.ini",5,12,5302144,5221596,
5,"Darm"," ","text.ini",5,12,5302204,5221604,
6,"Reah"," ","text.ini",5,12,5305732,-1,
7,"Dogi"," ","text.ini",5,12,5305764,-1,
8,"Sara"," ","text.ini",5,12,5305772,-1,
9,"Jade"," ","text.ini",5,12,5305956,-1,
10,"Gila"," ","text.ini",5,12,5305980,-1,
11,"Tess"," ","text.ini",5,12,5305988,-1,
12,"Tran"," ","text.ini",5,12,5306012,-1,
13,"Kris"," ","text.ini",5,12,5306044,-1,
14,"Beth"," ","text.ini",5,12,5306080,-1,
15,"Andy"," ","text.ini",5,12,5306096,-1,
16,"Kate"," ","text.ini",5,12,5306112,-1,
17,"Colt"," ","text.ini",5,12,5306120,-1,
18,"Esca"," ","text.ini",5,12,5306140,-1,
19,"Tita"," ","text.ini",5,12,5306148,-1,
20,"Theo"," ","text.ini",5,12,5306156,-1,
21,"Lucy"," ","text.ini",5,12,5306164,-1,
22,"Polo"," ","text.ini",5,12,5306180,-1,
23,"Ruba"," ","text.ini",5,12,5306196,-1,
24,"Fred"," ","text.ini",5,12,5306212,-1,
25,"Rafa"," ","text.ini",5,12,5306220,-1,
26,"Noit"," ","text.ini",5,12,5306228,-1,
27,"Elle"," ","text.ini",5,12,5306248,-1,
28,"Nash"," ","text.ini",5,12,5306320,-1,
29,"Sada"," ","text.ini",5,12,5306416,-1,
30,"Regg"," ","text.ini",5,12,5306456,-1,
31,"Frau"," ","text.ini",5,12,5306472,-1,
32,"Neal"," ","text.ini",5,12,5306496,-1,
33,"Muto"," ","text.ini",5,12,5306512,-1,
34,"Faye"," ","text.ini",5,12,5306520,-1,
35,"Jill"," ","text.ini",5,12,5306536,-1,
36,"Kyle"," ","text.ini",5,12,5306544,-1,
37,"DEF:"," ","text.ini",5,12,5308860,-1,
38,"STR:"," ","text.ini",5,12,5308868,-1,
39,"EXP:"," ","text.ini",5,12,5308884,-1,
40,"EASY"," ","text.ini",5,12,5311708,-1,
41,"HARD"," ","text.ini",5,12,5311716,-1,
42,"Ploo"," ","text.ini",5,12,5313512,-1,
43,"Rurr"," ","text.ini",5,12,5313536,-1,
44,"Yupe"," ","text.ini",5,12,5313592,-1,
45,"Elbo"," ","text.ini",5,12,5313720,-1,
46,"Troo"," ","text.ini",5,12,5314064,-1,
47,"Wart"," ","text.ini",5,12,5314152,-1,
48,"Vivi"," ","text.ini",5,12,5314188,-1,
49,"Vivi"," ","text.ini",5,12,5314188,-1,
50,"Jilk"," ","text.ini",5,12,5314224,-1,
51,"DOOM"," ","text.ini",5,12,5314256,-1,
52,"Lurr"," ","text.ini",5,12,5314404,-1,
53,"Plix"," ","text.ini",5,12,5314436,-1,
54,"Daps"," ","text.ini",5,12,5314492,-1,
55,"Blik"," ","text.ini",5,12,5314644,-1,
56,"Jerk"," ","text.ini",5,12,5314652,-1,
57,"Wham"," ","text.ini",5,12,5314660,-1,
58,"Klok"," ","text.ini",5,12,5314668,-1,
59,"Plop"," ","text.ini",5,12,5314676,-1,
60,"Drat"," ","text.ini",5,12,5314688,-1,
61,"Glig"," ","text.ini",5,12,5314716,-1,
62,"Slam"," ","text.ini",5,12,5314724,-1,
63,"Stub"," ","text.ini",5,12,5314756,-1,
64,"Chew"," ","text.ini",5,12,5314776,-1,
65,"Durr"," ","text.ini",5,12,5314788,-1,
66,"Face"," ","text.ini",5,12,5314796,-1,
67,"Flik"," ","text.ini",5,12,5314804,-1,
68,"Iaia"," ","text.ini",5,12,5314864,-1,
69,"Ndnd"," ","text.ini",5,12,5314912,-1,
70,"July"," ","text.ini",5,12,5314952,-1,
71,"Brie"," ","text.ini",5,12,5314980,-1,
72,"Aqua"," ","text.ini",5,12,5315072,-1,
73,"Dark"," ","text.ini",5,12,5316084,-1,
74,"Clay"," ","text.ini",5,12,5317836,-1,
75,"Walk"," ","text.ini",5,12,5329920,-1,
76,"MIDI"," ","text.ini",5,12,5330368,-1,
77,"SAVE"," ","text.ini",5,12,5330384,-1,
78,"LOAD"," ","text.ini",5,12,5330392,-1,
79,"QUIT"," ","text.ini",5,12,5330428,-1,
80,"ITEM"," ","text.ini",5,12,5332172,-1,
81,"NOTE"," ","text.ini",5,12,5332180,-1,
82,"March"," ","text.ini",6,12,5162416,-1,
83,"April"," ","text.ini",6,12,5162424,-1,
84,"Apple"," ","text.ini",6,12,5301516,5425416,
85,"Tolpi"," ","text.ini",6,12,5301804,5221424,
86,"Carly"," ","text.ini",6,12,5301812,5221436,
87,"Neeli"," ","text.ini",6,12,5301828,5221448,
88,"Swoff"," ","text.ini",6,12,5301892,5221468,
89,"Topus"," ","text.ini",6,12,5301936,5221500,
90,"Dirga"," ","text.ini",6,12,5301944,5221496,
91,"Feena"," ","text.ini",6,12,5305712,-1,
92,"Goban"," ","text.ini",6,12,5305724,-1,
93,"Banoa"," ","text.ini",6,12,5305868,-1,
94,"Lilia"," ","text.ini",6,12,5305876,-1,
95,"Astal"," ","text.ini",6,12,5305896,-1,
96,"Guido"," ","text.ini",6,12,5305964,-1,
97,"Leggs"," ","text.ini",6,12,5305972,-1,
98,"Lazlo"," ","text.ini",6,12,5305996,-1,
99,"Bohtz"," ","text.ini",6,12,5306028,-1,
100,"Ceres"," ","text.ini",6,12,5306036,-1,
101,"Brody"," ","text.ini",6,12,5306060,-1,
102,"Oseam"," ","text.ini",6,12,5306088,-1,
103,"Favre"," ","text.ini",6,12,5306256,-1,
104,"Meryl"," ","text.ini",6,12,5306272,-1,
105,"Kasim"," ","text.ini",6,12,5306280,-1,
106,"Ischt"," ","text.ini",6,12,5306288,-1,
107,"Darie"," ","text.ini",6,12,5306296,-1,
108,"Keith"," ","text.ini",6,12,5306384,-1,
109,"Lloyd"," ","text.ini",6,12,5306400,-1,
110,"Gorto"," ","text.ini",6,12,5306408,-1,
111,"Hadat"," ","text.ini",6,12,5306424,-1,
112,"Karen"," ","text.ini",6,12,5306432,-1,
113,"Maria"," ","text.ini",6,12,5306440,-1,
114,"Zalem"," ","text.ini",6,12,5306448,-1,
115,"Frith"," ","text.ini",6,12,5306464,-1,
116,"Blitz"," ","text.ini",6,12,5306488,-1,
117,"Tanya"," ","text.ini",6,12,5306504,-1,
118,"Reise"," ","text.ini",6,12,5306528,-1,
119,"Boris"," ","text.ini",6,12,5306564,-1,
120,"Sound"," ","text.ini",6,12,5309300,-1,
121,"Files"," ","text.ini",6,12,5309312,-1,
122,"Title"," ","text.ini",6,12,5311480,-1,
123,"Diary"," ","text.ini",6,12,5311496,-1,
124,"Shnax"," ","text.ini",6,12,5313520,-1,
125,"Xetso"," ","text.ini",6,12,5313528,-1,
126,"Ecclo"," ","text.ini",6,12,5313568,-1,
127,"Quilg"," ","text.ini",6,12,5313584,-1,
128,"Sammy"," ","text.ini",6,12,5313676,-1,
129,"Hosio"," ","text.ini",6,12,5313772,-1,
130,"Jaxie"," ","text.ini",6,12,5313940,-1,
131,"Shuya"," ","text.ini",6,12,5313948,-1,
132,"Crumb"," ","text.ini",6,12,5314112,-1,
133,"Tronn"," ","text.ini",6,12,5314120,-1,
134,"Robey"," ","text.ini",6,12,5314208,-1,
135,"Elroy"," ","text.ini",6,12,5314552,-1,
136,"Gruel"," ","text.ini",6,12,5314604,-1,
137,"Floot"," ","text.ini",6,12,5314636,-1,
138,"Kleet"," ","text.ini",6,12,5314700,-1,
139,"Clomp"," ","text.ini",6,12,5314764,-1,
140,"Bemmi"," ","text.ini",6,12,5314872,-1,
141,"Epona"," ","text.ini",6,12,5314904,-1,
142,"Shion"," ","text.ini",6,12,5315056,-1,
143,"Seedy"," ","text.ini",6,12,5315284,-1,
144,"Loner"," ","text.ini",6,12,5316004,-1,
145,"Loyal"," ","text.ini",6,12,5316624,-1,
146,"Sunny"," ","text.ini",6,12,5317008,-1,
147,"Aloof"," ","text.ini",6,12,5317088,-1,
148,"Mossy"," ","text.ini",6,12,5317844,-1,
149,"Pious"," ","text.ini",6,12,5318024,-1,
150,"Aldow"," ","text.ini",6,12,5318264,-1,
151,"Solid"," ","text.ini",6,12,5330072,-1,
152,"Black"," ","text.ini",6,12,5330112,-1,
153,"Point"," ","text.ini",6,12,5330188,-1,
154,"Total"," ","text.ini",6,12,5330232,-1,
155,"Debug"," ","text.ini",6,12,5330252,-1,
156,"Start"," ","text.ini",6,12,5330312,-1,
157,"ERASE"," ","text.ini",6,12,5330480,-1,
158,"TITLE"," ","text.ini",6,12,5330488,-1,
159,"MAGIC"," ","text.ini",6,12,5331456,-1,
160,"EQUIP"," ","text.ini",6,12,5331920,-1,
161,"FILES"," ","text.ini",6,12,5332188,-1,
162,"Sunday"," ","text.ini",7,12,5162280,-1,
163,"Monday"," ","text.ini",7,12,5162288,-1,
164,"Friday"," ","text.ini",7,12,5162328,-1,
165,"August"," ","text.ini",7,12,5162448,-1,
166,"Talwar"," ","text.ini",7,12,5300668,5424456,
167,"Reflex"," ","text.ini",7,12,5300884,5424664,
168,"Elixir"," ","text.ini",7,12,5301508,5425368,
169,"Cactus"," ","text.ini",7,12,5301688,5425592,
170,"Pebble"," ","text.ini",7,12,5301696,5425640,
171,"Chrace"," ","text.ini",7,12,5301724,5221396,
172,"Puroid"," ","text.ini",7,12,5301796,5221428,
173,"Eggnid"," ","text.ini",7,12,5301848,5221456,
174,"Onuman"," ","text.ini",7,12,5301908,5221480,
175,"Baocar"," ","text.ini",7,12,5301976,5221520,
176,"Bearot"," ","text.ini",7,12,5302016,5221552,
177,"Trover"," ","text.ini",7,12,5302024,5221536,
178,"Delpus"," ","text.ini",7,12,5302040,5221556,
179,"Godrup"," ","text.ini",7,12,5302048,5221540,
180,"Gearot"," ","text.ini",7,12,5302084,5221576,
181,"Zearot"," ","text.ini",7,12,5302124,5221512,
182,"Dalles"," ","text.ini",7,12,5302212,5221600,
183,"Larsen"," ","text.ini",7,12,5306004,-1,
184,"Sheila"," ","text.ini",7,12,5306020,-1,
185,"Marina"," ","text.ini",7,12,5306052,-1,
186,"Carson"," ","text.ini",7,12,5306264,-1,
187,"Flonne"," ","text.ini",7,12,5306304,-1,
188,"Roodle"," ","text.ini",7,12,5306312,-1,
189,"Brooce"," ","text.ini",7,12,5306340,-1,
190,"Prooto"," ","text.ini",7,12,5306348,-1,
191,"Rooroo"," ","text.ini",7,12,5306368,-1,
192,"Droozy"," ","text.ini",7,12,5306392,-1,
193,"Paulie"," ","text.ini",7,12,5306480,-1,
194,"Rimera"," ","text.ini",7,12,5306552,-1,
195,"Rascal"," ","text.ini",7,12,5307048,-1,
196,"Mascot"," ","text.ini",7,12,5309348,-1,
197,"NORMAL"," ","text.ini",7,12,5311724,-1,
198,"Dumdum"," ","text.ini",7,12,5313480,-1,
199,"Glurax"," ","text.ini",7,12,5313504,-1,
200,"Tywyro"," ","text.ini",7,12,5313544,-1,
201,"Orzers"," ","text.ini",7,12,5313560,-1,
202,"Junjun"," ","text.ini",7,12,5313576,-1,
203,"Texmex"," ","text.ini",7,12,5313600,-1,
204,"Uuuuur"," ","text.ini",7,12,5313700,-1,
205,"Lukduk"," ","text.ini",7,12,5313708,-1,
206,"Allair"," ","text.ini",7,12,5313764,-1,
207,"Sogara"," ","text.ini",7,12,5313824,-1,
208,"Sheeho"," ","text.ini",7,12,5313844,-1,
209,"Pootis"," ","text.ini",7,12,5313956,-1,
210,"Yuriel"," ","text.ini",7,12,5313996,-1,
211,"Fizban"," ","text.ini",7,12,5314048,-1,
212,"Merlan"," ","text.ini",7,12,5314056,-1,
213,"Zifnab"," ","text.ini",7,12,5314072,-1,
214,"Bagtie"," ","text.ini",7,12,5314104,-1,
215,"Dealio"," ","text.ini",7,12,5314128,-1,
216,"Tellah"," ","text.ini",7,12,5314136,-1,
217,"Strago"," ","text.ini",7,12,5314144,-1,
218,"Fearme"," ","text.ini",7,12,5314216,-1,
219,"Fixins"," ","text.ini",7,12,5314456,-1,
220,"Potato"," ","text.ini",7,12,5314572,-1,
221,"Eevool"," ","text.ini",7,12,5314812,-1,
222,"Preeci"," ","text.ini",7,12,5314820,-1,
223,"Velara"," ","text.ini",7,12,5314880,-1,
224,"Neebri"," ","text.ini",7,12,5314960,-1,
225,"Fawani"," ","text.ini",7,12,5314988,-1,
226,"Keleka"," ","text.ini",7,12,5315008,-1,
227,"Etoile"," ","text.ini",7,12,5315016,-1,
228,"Bonnet"," ","text.ini",7,12,5315024,-1,
229,"Chiaka"," ","text.ini",7,12,5315040,-1,
230,"Chubby"," ","text.ini",7,12,5315268,-1,
231,"Skinny"," ","text.ini",7,12,5315276,-1,
232,"Ornery"," ","text.ini",7,12,5315496,-1,
233,"Sinewy"," ","text.ini",7,12,5315540,-1,
234,"Demure"," ","text.ini",7,12,5315548,-1,
235,"Wicked"," ","text.ini",7,12,5316092,-1,
236,"Nitwit"," ","text.ini",7,12,5316236,-1,
237,"Classy"," ","text.ini",7,12,5316472,-1,
238,"Daring"," ","text.ini",7,12,5316516,-1,
239,"Feudal"," ","text.ini",7,12,5316724,-1,
240,"Albino"," ","text.ini",7,12,5316732,-1,
241,"Stormy"," ","text.ini",7,12,5316868,-1,
242,"Sinner"," ","text.ini",7,12,5317228,-1,
243,"Drippy"," ","text.ini",7,12,5317704,-1,
244,"Cancel"," ","text.ini",7,12,5330320,-1,
245,"Custom"," ","text.ini",7,12,5330376,-1,
246,"OPTION"," ","text.ini",7,12,5332208,-1,
247,"Tuesday"," ","text.ini",8,12,5162296,-1,
248,"January"," ","text.ini",8,12,5162396,-1,
249,"October"," ","text.ini",8,12,5162468,-1,
250,"Mattock"," ","text.ini",8,12,5301416,5425288,
251,"Chicken"," ","text.ini",8,12,5301732,5425656,
252,"Godaago"," ","text.ini",8,12,5301740,5221404,
253,"Gnometh"," ","text.ini",8,12,5301760,5221412,
254,"Ripplet"," ","text.ini",8,12,5301780,5221420,
255,"Zolgell"," ","text.ini",8,12,5301788,5221416,
256,"K'nocks"," ","text.ini",8,12,5301820,5221432,
257,"Gercard"," ","text.ini",8,12,5301856,5221452,
258,"Gworter"," ","text.ini",8,12,5301864,5221464,
259,"Galgata"," ","text.ini",8,12,5301872,5221460,
260,"Scollun"," ","text.ini",8,12,5301900,5221484,
261,"Ashveil"," ","text.ini",8,12,5301952,5221516,
262,"Magnute"," ","text.ini",8,12,5301960,5221504,
263,"Nashzar"," ","text.ini",8,12,5301968,5221524,
264,"Nustarl"," ","text.ini",8,12,5301984,5221548,
265,"Allomod"," ","text.ini",8,12,5302032,5221532,
266,"Ceabith"," ","text.ini",8,12,5302116,5221564,
267,"Druegar"," ","text.ini",8,12,5302188,5221592,
268,"Gelaldy"," ","text.ini",8,12,5302196,5221508,
269,"Natasha"," ","text.ini",8,12,5305932,-1,
270,"Lucille"," ","text.ini",8,12,5306104,-1,
271,"Saffron"," ","text.ini",8,12,5306172,-1,
272,"Natalie"," ","text.ini",8,12,5306204,-1,
273,"Chelnie"," ","text.ini",8,12,5306236,-1,
274,"Roo-kie"," ","text.ini",8,12,5306376,-1,
275,"Display"," ","text.ini",8,12,5309292,-1,
276,"Esteria"," ","text.ini",8,12,5311488,-1,
277,"Opening"," ","text.ini",8,12,5311504,-1,
278,"Bloober"," ","text.ini",8,12,5313488,-1,
279,"Vazumba"," ","text.ini",8,12,5313496,-1,
280,"Kloklok"," ","text.ini",8,12,5313552,-1,
281,"Alfadaz"," ","text.ini",8,12,5313608,-1,
282,"Kibbles"," ","text.ini",8,12,5313668,-1,
283,"Pickles"," ","text.ini",8,12,5313684,-1,
284,"Poytomo"," ","text.ini",8,12,5313692,-1,
285,"Jaytaro"," ","text.ini",8,12,5313740,-1,
286,"Nakasma"," ","text.ini",8,12,5313816,-1,
287,"Fortuna"," ","text.ini",8,12,5313864,-1,
288,"Juniper"," ","text.ini",8,12,5313884,-1,
289,"Goondox"," ","text.ini",8,12,5313904,-1,
290,"Oedipus"," ","text.ini",8,12,5313924,-1,
291,"Douglas"," ","text.ini",8,12,5313932,-1,
292,"Meltain"," ","text.ini",8,12,5313976,-1,
293,"Peltoot"," ","text.ini",8,12,5314016,-1,
294,"Amazemo"," ","text.ini",8,12,5314264,-1,
295,"Maltarr"," ","text.ini",8,12,5314272,-1,
296,"Johnnie"," ","text.ini",8,12,5314368,-1,
297,"Cryhard"," ","text.ini",8,12,5314464,-1,
298,"Poolboy"," ","text.ini",8,12,5314484,-1,
299,"Oldsnot"," ","text.ini",8,12,5314612,-1,
300,"Sherbet"," ","text.ini",8,12,5314620,-1,
301,"Creepia"," ","text.ini",8,12,5314944,-1,
302,"Adolina"," ","text.ini",8,12,5315032,-1,
303,"Meridia"," ","text.ini",8,12,5315048,-1,
304,"Bassoon"," ","text.ini",8,12,5315064,-1,
305,"Bloated"," ","text.ini",8,12,5315260,-1,
306,"Scrawny"," ","text.ini",8,12,5315304,-1,
307,"Miserly"," ","text.ini",8,12,5315748,-1,
308,"Languid"," ","text.ini",8,12,5315756,-1,
309,"Squeaky"," ","text.ini",8,12,5315808,-1,
310,"Wailing"," ","text.ini",8,12,5315840,-1,
311,"Drunken"," ","text.ini",8,12,5315900,-1,
312,"Hellish"," ","text.ini",8,12,5316064,-1,
313,"Shadowy"," ","text.ini",8,12,5316100,-1,
314,"Chaotic"," ","text.ini",8,12,5316108,-1,
315,"Brutish"," ","text.ini",8,12,5316196,-1,
316,"Inhuman"," ","text.ini",8,12,5316204,-1,
317,"Ghastly"," ","text.ini",8,12,5316256,-1,
318,"Undying"," ","text.ini",8,12,5316276,-1,
319,"Blazing"," ","text.ini",8,12,5316396,-1,
320,"Ruinous"," ","text.ini",8,12,5316548,-1,
321,"Naughty"," ","text.ini",8,12,5316580,-1,
322,"Devoted"," ","text.ini",8,12,5316588,-1,
323,"Unshorn"," ","text.ini",8,12,5316876,-1,
324,"Lunatic"," ","text.ini",8,12,5317028,-1,
325,"Eeeevil"," ","text.ini",8,12,5317308,-1,
326,"Unlucky"," ","text.ini",8,12,5317528,-1,
327,"Deathly"," ","text.ini",8,12,5317684,-1,
328,"Crumbly"," ","text.ini",8,12,5317876,-1,
329,"Artwork"," ","text.ini",8,12,5329964,-1,
330,"Classic"," ","text.ini",8,12,5330132,-1,
331,"Compact"," ","text.ini",8,12,5330208,-1,
332,"Thursday"," ","text.ini",9,12,5162316,-1,
333,"Saturday"," ","text.ini",9,12,5162336,-1,
334,"February"," ","text.ini",9,12,5162404,-1,
335,"November"," ","text.ini",9,12,5162476,-1,
336,"December"," ","text.ini",9,12,5162488,-1,
337,"Darm It!"," ","text.ini",9,12,5196860,-1,
338,"Iron Ore"," ","text.ini",9,12,5301172,5425032,
339,"Cruberry"," ","text.ini",9,12,5301560,5425480,
340,"Raw Meat"," ","text.ini",9,12,5301588,5425512,
341,"Meat Pie"," ","text.ini",9,12,5301628,5425528,
342,"Cauction"," ","text.ini",9,12,5301748,5221400,
343,"Warrizor"," ","text.ini",9,12,5301768,5221408,
344,"El Endes"," ","text.ini",9,12,5301992,5221544,
345,"Forkless"," ","text.ini",9,12,5302056,5221572,
346,"Charront"," ","text.ini",9,12,5302104,5221580,
347,"Valkyria"," ","text.ini",9,12,5302132,5221584,
348,"Zavanite"," ","text.ini",9,12,5302152,5221588,
349,"Tyalmath"," ","text.ini",9,12,5302164,5221472,
350,"Caesaria"," ","text.ini",9,12,5306068,-1,
351,"Tallyroo"," ","text.ini",9,12,5306328,-1,
352,"Touroose"," ","text.ini",9,12,5306356,-1,
353,"Settings"," ","text.ini",9,12,5309256,-1,
354,"Movement"," ","text.ini",9,12,5309320,-1,
355,"Rootmoog"," ","text.ini",9,12,5313728,-1,
356,"Chavesse"," ","text.ini",9,12,5313780,-1,
357,"Nomigura"," ","text.ini",9,12,5313792,-1,
358,"Kayberry"," ","text.ini",9,12,5313804,-1,
359,"Maryland"," ","text.ini",9,12,5313852,-1,
360,"Chaarles"," ","text.ini",9,12,5313872,-1,
361,"Ophelius"," ","text.ini",9,12,5313892,-1,
362,"Francois"," ","text.ini",9,12,5313964,-1,
363,"Alakazed"," ","text.ini",9,12,5314024,-1,
364,"Skeletro"," ","text.ini",9,12,5314092,-1,
365,"Melchior"," ","text.ini",9,12,5314164,-1,
366,"Fantasmo"," ","text.ini",9,12,5314176,-1,
367,"Khlatoon"," ","text.ini",9,12,5314292,-1,
368,"Gibblets"," ","text.ini",9,12,5314316,-1,
369,"Gollygee"," ","text.ini",9,12,5314424,-1,
370,"Ipswitch"," ","text.ini",9,12,5314516,-1,
371,"Clambake"," ","text.ini",9,12,5314540,-1,
372,"Vartwind"," ","text.ini",9,12,5314592,-1,
373,"Creatora"," ","text.ini",9,12,5314828,-1,
374,"Svetlana"," ","text.ini",9,12,5314840,-1,
375,"Poiltana"," ","text.ini",9,12,5314852,-1,
376,"Drilliad"," ","text.ini",9,12,5314892,-1,
377,"Valorous"," ","text.ini",9,12,5315484,-1,
378,"Fugitive"," ","text.ini",9,12,5315648,-1,
379,"Homebody"," ","text.ini",9,12,5315764,-1,
380,"Cowardly"," ","text.ini",9,12,5315816,-1,
381,"Reckless"," ","text.ini",9,12,5315924,-1,
382,"Glorious"," ","text.ini",9,12,5316072,-1,
383,"Batterer"," ","text.ini",9,12,5316224,-1,
384,"Accursed"," ","text.ini",9,12,5316284,-1,
385,"Evildoer"," ","text.ini",9,12,5316404,-1,
386,"Resolute"," ","text.ini",9,12,5316480,-1,
387,"Militant"," ","text.ini",9,12,5316492,-1,
388,"Pursuant"," ","text.ini",9,12,5316536,-1,
389,"Prodigal"," ","text.ini",9,12,5316556,-1,
390,"Exultant"," ","text.ini",9,12,5316632,-1,
391,"Knightly"," ","text.ini",9,12,5316644,-1,
392,"Lukewarm"," ","text.ini",9,12,5316780,-1,
393,"Kamikaze"," ","text.ini",9,12,5316964,-1,
394,"Feverish"," ","text.ini",9,12,5317016,-1,
395,"Unstable"," ","text.ini",9,12,5317076,-1,
396,"Hooligan"," ","text.ini",9,12,5317588,-1,
397,"Departed"," ","text.ini",9,12,5317692,-1,
398,"Gourmand"," ","text.ini",9,12,5317744,-1,
399,"Sleep-in"," ","text.ini",9,12,5317756,-1,
400,"Roadside"," ","text.ini",9,12,5317808,-1,
401,"Scraggly"," ","text.ini",9,12,5317928,-1,
402,"Hardened"," ","text.ini",9,12,5317940,-1,
403,"Diligent"," ","text.ini",9,12,5318060,-1,
404,"Pleasant"," ","text.ini",9,12,5318072,-1,
405,"Bad News"," ","text.ini",9,12,5318200,-1,
406,"Complete"," ","text.ini",9,12,5330120,-1,
407,"Standard"," ","text.ini",9,12,5330140,-1,
408,"Bilinear"," ","text.ini",9,12,5330152,-1,
409,"BGM Type"," ","text.ini",9,12,5330240,5221384,
410,"NEW GAME"," ","text.ini",9,12,5332216,-1,
411,"Wednesday"," ","text.ini",10,12,5162304,-1,
412,"September"," ","text.ini",10,12,5162456,-1,
413,"Hawk Idol"," ","text.ini",10,12,5301012,5424824,
414,"Evil Bell"," ","text.ini",10,12,5301316,5425192,
415,"Roda Leaf"," ","text.ini",10,12,5301476,5425352,
416,"Orihalcus"," ","text.ini",10,12,5301836,5221440,
417,"Xelbenoth"," ","text.ini",10,12,5301924,5221488,
418,"Malochius"," ","text.ini",10,12,5302004,5221528,
419,"Rewillvan"," ","text.ini",10,12,5302092,5221568,
420,"Level up!"," ","text.ini",10,12,5307132,-1,
421,"NIGHTMARE"," ","text.ini",10,12,5311732,-1,
422,"Blomkvist"," ","text.ini",10,12,5313632,-1,
423,"Oogamaloo"," ","text.ini",10,12,5313644,-1,
424,"Challiers"," ","text.ini",10,12,5313748,-1,
425,"Ellipscus"," ","text.ini",10,12,5313832,-1,
426,"Pironesia"," ","text.ini",10,12,5314004,-1,
427,"Salacious"," ","text.ini",10,12,5314080,-1,
428,"Rincewind"," ","text.ini",10,12,5314196,-1,
429,"Mussoltus"," ","text.ini",10,12,5314244,-1,
430,"September"," ","text.ini",10,12,5314280,-1,
431,"Jellytoes"," ","text.ini",10,12,5314304,-1,
432,"Meatables"," ","text.ini",10,12,5314340,-1,
433,"Jigglywoo"," ","text.ini",10,12,5314412,-1,
434,"Lintbelly"," ","text.ini",10,12,5314444,-1,
435,"Dichotoma"," ","text.ini",10,12,5314920,-1,
436,"Snowflake"," ","text.ini",10,12,5314996,-1,
437,"Injurious"," ","text.ini",10,12,5315328,-1,
438,"Dimwitted"," ","text.ini",10,12,5315404,-1,
439,"Odiferous"," ","text.ini",10,12,5315416,-1,
440,"Truculent"," ","text.ini",10,12,5315516,-1,
441,"Go-getter"," ","text.ini",10,12,5315672,-1,
442,"Night-owl"," ","text.ini",10,12,5315684,-1,
443,"Sweetypie"," ","text.ini",10,12,5315724,-1,
444,"Wheedling"," ","text.ini",10,12,5315848,-1,
445,"Wholesome"," ","text.ini",10,12,5315888,-1,
446,"Tottering"," ","text.ini",10,12,5315936,-1,
447,"Dishonest"," ","text.ini",10,12,5315980,-1,
448,"Nefarious"," ","text.ini",10,12,5315992,-1,
449,"Malicious"," ","text.ini",10,12,5316128,-1,
450,"Resentful"," ","text.ini",10,12,5316344,-1,
451,"Heartless"," ","text.ini",10,12,5316416,-1,
452,"Libertine"," ","text.ini",10,12,5316524,-1,
453,"Fraternal"," ","text.ini",10,12,5316612,-1,
454,"Good-luck"," ","text.ini",10,12,5316840,-1,
455,"Doomsayer"," ","text.ini",10,12,5317336,-1,
456,"Dastardly"," ","text.ini",10,12,5317408,-1,
457,"Soon-dead"," ","text.ini",10,12,5317504,-1,
458,"Tomb King"," ","text.ini",10,12,5317576,-1,
459,"Sun-dried"," ","text.ini",10,12,5317656,-1,
460,"Flowerpot"," ","text.ini",10,12,5317852,-1,
461,"Murderous"," ","text.ini",10,12,5318084,-1,
462,"Clockwork"," ","text.ini",10,12,5318188,-1,
463,"Filtering"," ","text.ini",10,12,5329972,-1,
464,"Quit Game"," ","text.ini",10,12,5329984,-1,
465,"Trilinear"," ","text.ini",10,12,5330164,-1,
466,"Mascot: Ed"," ","text.ini",11,12,5298492,5206448,
467,"Long Sword"," ","text.ini",11,12,5300676,5424440,
468,"Chain Mail"," ","text.ini",11,12,5300812,5424616,
469,"Plate Mail"," ","text.ini",11,12,5300840,5424648,
470,"Fire Magic"," ","text.ini",11,12,5300892,5424712,
471,"Time Magic"," ","text.ini",11,12,5300960,5424760,
472,"Shrine Key"," ","text.ini",11,12,5301200,5425064,
473,"Lila Shell"," ","text.ini",11,12,5301272,5425112,
474,"Sacred Cup"," ","text.ini",11,12,5301392,5425256,
475,"Roda Fruit"," ","text.ini",11,12,5301548,5425432,
476,"Red Pepper"," ","text.ini",11,12,5301640,5425576,
477,"Preliguard"," ","text.ini",11,12,5301880,5221476,
478,"Velagunder"," ","text.ini",11,12,5302176,5221444,
479,"Jeba Tovah"," ","text.ini",11,12,5305740,-1,
480,"Luta Gemma"," ","text.ini",11,12,5305752,-1,
481,"Flair Rall"," ","text.ini",11,12,5305920,-1,
482,"Masontorch"," ","text.ini",11,12,5306128,-1,
483,"Roos' Nest"," ","text.ini",11,12,5310616,-1,
484,"Guardhouse"," ","text.ini",11,12,5311332,-1,
485,"Ribnibbler"," ","text.ini",11,12,5313656,-1,
486,"Rootbarrel"," ","text.ini",11,12,5313912,-1,
487,"Jackadaisy"," ","text.ini",11,12,5313984,-1,
488,"Abracadave"," ","text.ini",11,12,5314036,-1,
489,"Plocksweat"," ","text.ini",11,12,5314328,-1,
490,"Firekicker"," ","text.ini",11,12,5314528,-1,
491,"Swimmyface"," ","text.ini",11,12,5314560,-1,
492,"Clipstache"," ","text.ini",11,12,5314580,-1,
493,"Meliodrami"," ","text.ini",11,12,5314932,-1,
494,"Gaytkeepah"," ","text.ini",11,12,5315096,-1,
495,"Crocodiley"," ","text.ini",11,12,5315292,-1,
496,"Despicable"," ","text.ini",11,12,5315456,-1,
497,"Stupendous"," ","text.ini",11,12,5315504,-1,
498,"Sleepyhead"," ","text.ini",11,12,5315660,-1,
499,"Swaggering"," ","text.ini",11,12,5315712,-1,
500,"Terrifying"," ","text.ini",11,12,5316140,-1,
501,"Buffoonish"," ","text.ini",11,12,5316152,-1,
502,"Undefeated"," ","text.ini",11,12,5316264,-1,
503,"Bewitching"," ","text.ini",11,12,5316356,-1,
504,"Avaricious"," ","text.ini",11,12,5316384,-1,
505,"Gelatinous"," ","text.ini",11,12,5316884,-1,
506,"Stargazing"," ","text.ini",11,12,5317036,-1,
507,"Blasphemer"," ","text.ini",11,12,5317176,-1,
508,"Unkillable"," ","text.ini",11,12,5317516,-1,
509,"Dead Dandy"," ","text.ini",11,12,5317600,-1,
510,"Vegetarian"," ","text.ini",11,12,5317732,-1,
511,"Chattering"," ","text.ini",11,12,5317916,-1,
512,"Traitorous"," ","text.ini",11,12,5318048,-1,
513,"Orangework"," ","text.ini",11,12,5318232,-1,
514,"Frame Type"," ","text.ini",11,12,5330044,-1,
515,"Chronicles"," ","text.ini",11,12,5330176,-1,
516,"No Display"," ","text.ini",11,12,5330196,-1,
517,"360 Degree"," ","text.ini",11,12,5330416,-1,
518,"Reposition"," ","text.ini",11,12,5330656,-1,
519,"Mascot: Roo"," ","text.ini",12,12,5298448,5206436,
520,"Mascot: Rex"," ","text.ini",12,12,5298748,5206512,
521,"Short Sword","短 剑","text.ini",2,12,5300656,5424424,
522,"Iron Shield"," ","text.ini",12,12,5300800,5424568,
523,"Light Magic"," ","text.ini",12,12,5300936,5424728,
524,"Alter Magic"," ","text.ini",12,12,5300948,5424776,
525,"Spirit Cape"," ","text.ini",12,12,5300972,5424808,
526,"Falcon Idol"," ","text.ini",12,12,5301000,5424840,
527,"Cleria Ring"," ","text.ini",12,12,5301040,5424856,
528,"Volume Mesa"," ","text.ini",12,12,5301132,5424952,
529,"Volume Fact"," ","text.ini",12,12,5301160,5424984,
530,"Black Pearl"," ","text.ini",12,12,5301404,5425240,
531,"Stone Shoes"," ","text.ini",12,12,5301488,5425336,
532,"Smoked Meat"," ","text.ini",12,12,5301600,5425496,
533,"Priest Mesa"," ","text.ini",12,12,5305812,-1,
534,"Priest Fact"," ","text.ini",12,12,5305840,-1,
535,"Leonor Rall"," ","text.ini",12,12,5305884,-1,
536,"Where am I?"," ","text.ini",12,12,5310852,-1,
537,"Now loading"," ","text.ini",12,12,5310900,-1,
538,"Rex's House"," ","text.ini",12,12,5311256,-1,
539,"Cloaksworth"," ","text.ini",12,12,5314232,-1,
540,"Globberfoot"," ","text.ini",12,12,5314376,-1,
541,"Healthshake"," ","text.ini",12,12,5314472,-1,
542,"Wilwilliana"," ","text.ini",12,12,5314968,-1,
543,"Eightkeepah"," ","text.ini",12,12,5315196,-1,
544,"Inquisitive"," ","text.ini",12,12,5315444,-1,
545,"Hot-blooded"," ","text.ini",12,12,5315528,-1,
546,"Short-fused"," ","text.ini",12,12,5315572,-1,
547,"Egomaniacal"," ","text.ini",12,12,5315636,-1,
548,"Super-sulky"," ","text.ini",12,12,5315736,-1,
549,"Far-sighted"," ","text.ini",12,12,5315796,-1,
550,"Deep-voiced"," ","text.ini",12,12,5315828,-1,
551,"Germophobic"," ","text.ini",12,12,5315876,-1,
552,"Skull Power"," ","text.ini",12,12,5316116,-1,
553,"Belligerent"," ","text.ini",12,12,5316212,-1,
554,"Open-minded"," ","text.ini",12,12,5316244,-1,
555,"Unpromising"," ","text.ini",12,12,5316460,-1,
556,"Annihilator"," ","text.ini",12,12,5316504,-1,
557,"Slaughterer"," ","text.ini",12,12,5316568,-1,
558,"Big-hearted"," ","text.ini",12,12,5316656,-1,
559,"Rule-dodger"," ","text.ini",12,12,5316668,-1,
560,"Experienced"," ","text.ini",12,12,5316680,-1,
561,"Abscondable"," ","text.ini",12,12,5317048,-1,
562,"Nightmarish"," ","text.ini",12,12,5317236,-1,
563,"Bloodpriest"," ","text.ini",12,12,5317296,-1,
564,"Confounding"," ","text.ini",12,12,5317348,-1,
565,"Foul-minded"," ","text.ini",12,12,5317436,-1,
566,"Silhouetted"," ","text.ini",12,12,5317448,-1,
567,"Silly-willy"," ","text.ini",12,12,5317460,-1,
568,"Once-lovely"," ","text.ini",12,12,5317628,-1,
569,"Half-busted"," ","text.ini",12,12,5317864,-1,
570,"Hunka Hunka"," ","text.ini",12,12,5317952,-1,
571,"Grim Reaper"," ","text.ini",12,12,5317996,-1,
572,"Love Jester"," ","text.ini",12,12,5318096,-1,
573,"Love Hunter"," ","text.ini",12,12,5318144,-1,
574,"EXP Display"," ","text.ini",12,12,5330032,-1,
575,"TIME ATTACK"," ","text.ini",12,12,5332196,-1,
576,"Mascot: Nash"," ","text.ini",13,12,5295496,5206604,
577,"Mascot: Muto"," ","text.ini",13,12,5295512,5206608,
578,"Mascot: Faye"," ","text.ini",13,12,5295528,5206612,
579,"Mascot: Gene"," ","text.ini",13,12,5295932,5206708,
580,"Mascot: Dogi"," ","text.ini",13,12,5296624,5206848,
581,"In Situ Tarf"," ","text.ini",13,12,5297380,-1,
582,"Safety Charm"," ","text.ini",13,12,5297396,-1,
583,"Health Charm"," ","text.ini",13,12,5297440,-1,
584,"Mascot: Colt"," ","text.ini",13,12,5297860,5206296,
585,"Mascot: Tita"," ","text.ini",13,12,5297876,5206300,
586,"Mascot: Andy"," ","text.ini",13,12,5297892,5206304,
587,"Mascot: Beth"," ","text.ini",13,12,5298008,5206332,
588,"Mascot: Jade"," ","text.ini",13,12,5298136,5206360,
589,"Mascot: Gila"," ","text.ini",13,12,5298168,5206368,
590,"Mascot: Noit"," ","text.ini",13,12,5298184,5206372,
591,"Mascot: Neal"," ","text.ini",13,12,5298200,5206376,
592,"Mascot: Kris"," ","text.ini",13,12,5298304,5206400,
593,"Mascot: Elle"," ","text.ini",13,12,5298336,5206408,
594,"Mascot: Ruba"," ","text.ini",13,12,5298352,5206412,
595,"Mascot: Regg"," ","text.ini",13,12,5298400,5206424,
596,"Mascot: Sada"," ","text.ini",13,12,5298432,5206432,
597,"Mascot: Kyle"," ","text.ini",13,12,5298460,5206440,
598,"Mascot: Tarf"," ","text.ini",13,12,5298536,5206460,
599,"Mascot: Reah"," ","text.ini",13,12,5298668,5206492,
600,"Mascot: Fred"," ","text.ini",13,12,5298684,5206496,
601,"Mascot: Rafa"," ","text.ini",13,12,5298732,5206508,
602,"Mascot: Kate"," ","text.ini",13,12,5298812,5206528,
603,"Mascot: Jill"," ","text.ini",13,12,5298844,5206536,
604,"Mascot: Frau"," ","text.ini",13,12,5298876,5206544,
605,"Mascot: Tess"," ","text.ini",13,12,5298956,5206564,
606,"Mascot: Tran"," ","text.ini",13,12,5298972,5206568,
607,"Mascot: Lucy"," ","text.ini",13,12,5298988,5206572,
608,"Mascot: Theo"," ","text.ini",13,12,5299004,5206576,
609,"Mascot: Esca"," ","text.ini",13,12,5299020,5206580,
610,"Mascot: Polo"," ","text.ini",13,12,5299036,5206584,
611,"Battle Sword"," ","text.ini",13,12,5300688,5424488,
612,"Hyper Cutter"," ","text.ini",13,12,5300704,5424472,
613,"Cleria Sword"," ","text.ini",13,12,5300736,5424504,
614,"Large Shield"," ","text.ini",13,12,5300752,5424552,
615,"Small Shield"," ","text.ini",13,12,5300768,5424536,
616,"Breast Plate"," ","text.ini",13,12,5300852,5424632,
617,"Battle Armor"," ","text.ini",13,12,5300868,5424680,
618,"Cleria Armor"," ","text.ini",13,12,5300904,5424696,
619,"Return Magic"," ","text.ini",13,12,5300920,5424744,
620,"Shield Magic"," ","text.ini",13,12,5300984,5424792,
621,"Ring of Ease"," ","text.ini",13,12,5301024,5424872,
622,"Volume Hadal"," ","text.ini",13,12,5301052,5424904,
623,"Goddess Ring"," ","text.ini",13,12,5301068,5424888,
624,"Volume Tovah"," ","text.ini",13,12,5301100,5424920,
625,"Volume Gemma"," ","text.ini",13,12,5301116,5424968,
626,"Gold Pendant"," ","text.ini",13,12,5301284,5425160,
627,"Marle Flower"," ","text.ini",13,12,5301532,5425448,
628,"Cruberry Pie"," ","text.ini",13,12,5301612,5425544,
629,"Dyphthelloid"," ","text.ini",13,12,5302068,5221560,
630,"Priest Tovah"," ","text.ini",13,12,5305796,-1,
631,"Priest Hadal"," ","text.ini",13,12,5305824,-1,
632,"Priest Gemma"," ","text.ini",13,12,5305852,-1,
633,"Nurse Sarina"," ","text.ini",13,12,5305904,-1,
634,"Shield burst"," ","text.ini",13,12,5310200,-1,
635,"Gila's House"," ","text.ini",13,12,5310912,-1,
636,"Pigeon House"," ","text.ini",13,12,5311028,-1,
637,"Tomb of Mesa"," ","text.ini",13,12,5311112,-1,
638,"Tomb of Fact"," ","text.ini",13,12,5311144,-1,
639,"Tarf's House"," ","text.ini",13,12,5311176,-1,
640,"Noit's House"," ","text.ini",13,12,5311208,-1,
641,"Fred's House"," ","text.ini",13,12,5311224,-1,
642,"Ancient Well"," ","text.ini",13,12,5311268,-1,
643,"Regg's House"," ","text.ini",13,12,5311284,-1,
644,"Chuckachucka"," ","text.ini",13,12,5313616,-1,
645,"Bellablaster"," ","text.ini",13,12,5314352,-1,
646,"Maintenancio"," ","text.ini",13,12,5314388,-1,
647,"Ittyknuckles"," ","text.ini",13,12,5314500,-1,
648,"Moo-munchin'"," ","text.ini",13,12,5315340,-1,
649,"Crop-ruinin'"," ","text.ini",13,12,5315356,-1,
650,"Cold-blooded"," ","text.ini",13,12,5315556,-1,
651,"Night-walker"," ","text.ini",13,12,5315696,-1,
652,"Karaoke Lord"," ","text.ini",13,12,5315860,-1,
653,"Convalescent"," ","text.ini",13,12,5315908,-1,
654,"Lion-in-wait"," ","text.ini",13,12,5316028,-1,
655,"Ready-to-die"," ","text.ini",13,12,5316296,-1,
656,"Vainglorious"," ","text.ini",13,12,5316312,-1,
657,"Reminderator"," ","text.ini",13,12,5316692,-1,
658,"Bloodstained"," ","text.ini",13,12,5316792,-1,
659,"Unscrupulous"," ","text.ini",13,12,5316808,-1,
660,"Underworlder"," ","text.ini",13,12,5317264,-1,
661,"Fallen Angel"," ","text.ini",13,12,5317280,-1,
662,"Witch Doctor"," ","text.ini",13,12,5317360,-1,
663,"Dang-blasted"," ","text.ini",13,12,5317376,-1,
664,"Blackhearted"," ","text.ini",13,12,5317420,-1,
665,"Thick-headed"," ","text.ini",13,12,5317472,-1,
666,"Soggy Sailor"," ","text.ini",13,12,5317488,-1,
667,"Cricket-nest"," ","text.ini",13,12,5317820,-1,
668,"Falling-down"," ","text.ini",13,12,5317900,-1,
669,"LavaBkServer"," ","text.ini",13,12,5321600,-1,
670,"Adol Visible"," ","text.ini",13,12,5330056,-1,
671,"Artwork Type"," ","text.ini",13,12,5330080,-1,
672,"Bill the Duck"," ","text.ini",14,12,5196932,-1,
673,"Mascot: Darie"," ","text.ini",14,12,5295480,5206600,
674,"Mascot: Tolpi"," ","text.ini",14,12,5295680,5206648,
675,"Mascot: Carly"," ","text.ini",14,12,5295728,5206660,
676,"Mascot: Neeli"," ","text.ini",14,12,5295764,5206668,
677,"Mascot: Swoff"," ","text.ini",14,12,5295844,5206688,
678,"Mascot: Topus"," ","text.ini",14,12,5295948,5206712,
679,"Mascot: Dirga"," ","text.ini",14,12,5295964,5206716,
680,"Success Charm"," ","text.ini",14,12,5297424,-1,
681,"I Heart Zalem"," ","text.ini",14,12,5297688,-1,
682,"Swooned Feena"," ","text.ini",14,12,5297752,-1,
683,"Mascot: Brody"," ","text.ini",14,12,5297908,5206308,
684,"Mascot: Oseam"," ","text.ini",14,12,5297992,5206328,
685,"Mascot: Bohtz"," ","text.ini",14,12,5298040,5206340,
686,"Mascot: Lazlo"," ","text.ini",14,12,5298120,5206356,
687,"Mascot: Guido"," ","text.ini",14,12,5298152,5206364,
688,"Mascot: Banoa"," ","text.ini",14,12,5298240,5206384,
689,"Mascot: Astal"," ","text.ini",14,12,5298272,5206392,
690,"Mascot: Leggs"," ","text.ini",14,12,5298288,5206396,
691,"Mascot: Ceres"," ","text.ini",14,12,5298320,5206404,
692,"Mascot: Karen"," ","text.ini",14,12,5298368,5206416,
693,"Mascot: Hadat"," ","text.ini",14,12,5298384,5206420,
694,"Mascot: Zalem"," ","text.ini",14,12,5298416,5206428,
695,"Mascot: Boris"," ","text.ini",14,12,5298476,5206444,
696,"Mascot: Favre"," ","text.ini",14,12,5298504,5206452,
697,"Mascot: Lilia"," ","text.ini",14,12,5298520,5206456,
698,"Mascot: Gorto"," ","text.ini",14,12,5298552,5206464,
699,"Mascot: Keith"," ","text.ini",14,12,5298568,5206468,
700,"Mascot: Maria"," ","text.ini",14,12,5298584,5206472,
701,"Mascot: Goban"," ","text.ini",14,12,5298620,5206480,
702,"Mascot: Meryl"," ","text.ini",14,12,5298636,5206484,
703,"Mascot: Feena"," ","text.ini",14,12,5298652,5206488,
704,"Mascot: Frith"," ","text.ini",14,12,5298828,5206532,
705,"Mascot: Reise"," ","text.ini",14,12,5298860,5206540,
706,"Mascot: Lloyd"," ","text.ini",14,12,5298892,5206548,
707,"Mascot: Blitz"," ","text.ini",14,12,5298908,5206552,
708,"Mascot: Tanya"," ","text.ini",14,12,5298940,5206560,
709,"Mascot: Ischt"," ","text.ini",14,12,5299052,5206588,
710,"Mascot: Kasim"," ","text.ini",14,12,5299068,5206592,
711,"Wooden Shield"," ","text.ini",14,12,5300720,5424520,
712,"Battle Shield"," ","text.ini",14,12,5300784,5424584,
713,"Cleria Shield"," ","text.ini",14,12,5300824,5424600,
714,"Volume Dabbie"," ","text.ini",14,12,5301084,5424936,
715,"Blizzard Bulb"," ","text.ini",14,12,5301212,5425048,
716,"Floodgate Key"," ","text.ini",14,12,5301248,5425080,
717,"Dreaming Idol"," ","text.ini",14,12,5301424,5425272,
718,"Priest Dabbie"," ","text.ini",14,12,5305780,-1,
719,"Elder Cornell"," ","text.ini",14,12,5305940,-1,
720,"Lilia's House"," ","text.ini",14,12,5309332,-1,
721,"Hadat's House"," ","text.ini",14,12,5309388,-1,
722,"Lance Village"," ","text.ini",14,12,5310884,-1,
723,"Bohtz's House"," ","text.ini",14,12,5310948,-1,
724,"Lazlo's House"," ","text.ini",14,12,5310964,-1,
725,"Astal's House"," ","text.ini",14,12,5310980,-1,
726,"Brody's House"," ","text.ini",14,12,5310996,-1,
727,"Tomb of Tovah"," ","text.ini",14,12,5311080,-1,
728,"Tomb of Hadal"," ","text.ini",14,12,5311096,-1,
729,"Tomb of Gemma"," ","text.ini",14,12,5311160,-1,
730,"Ramia Village"," ","text.ini",14,12,5311240,-1,
731,"Maria's House"," ","text.ini",14,12,5311300,-1,
732,"Blitz's House"," ","text.ini",14,12,5311344,-1,
733,"Gorto's House"," ","text.ini",14,12,5311376,-1,
734,"Veggie-lovin'"," ","text.ini",14,12,5315312,-1,
735,"Puppy-scented"," ","text.ini",14,12,5315372,-1,
736,"Grave-robbin'"," ","text.ini",14,12,5315388,-1,
737,"Hyper-kinetic"," ","text.ini",14,12,5315584,-1,
738,"Swim Champion"," ","text.ini",14,12,5315620,-1,
739,"Self-centered"," ","text.ini",14,12,5315948,-1,
740,"Family-minded"," ","text.ini",14,12,5316012,-1,
741,"Death-dealing"," ","text.ini",14,12,5316180,-1,
742,"Directionless"," ","text.ini",14,12,5316368,-1,
743,"King-crushing"," ","text.ini",14,12,5316428,-1,
744,"Supreme Ruler"," ","text.ini",14,12,5317060,-1,
745,"Chaos-bringer"," ","text.ini",14,12,5317212,-1,
746,"Dark Disciple"," ","text.ini",14,12,5317248,-1,
747,"Once-gorgeous"," ","text.ini",14,12,5317640,-1,
748,"Once-handsome"," ","text.ini",14,12,5317668,-1,
749,"Cartilaginian"," ","text.ini",14,12,5317768,-1,
750,"Badoom Badoom"," ","text.ini",14,12,5317884,-1,
751,"Ruinous Angel"," ","text.ini",14,12,5317980,-1,
752,"Murderomatron"," ","text.ini",14,12,5318128,-1,
753,"Untrustworthy"," ","text.ini",14,12,5318156,-1,
754,"Psycho-puppet"," ","text.ini",14,12,5318172,-1,
755,"Hungry Hungry"," ","text.ini",14,12,5318248,-1,
756,"Diary MemSave"," ","text.ini",14,12,5318864,-1,
757,"SkiLoadObject"," ","text.ini",14,12,5329616,-1,
758,"Img:TitleWork"," ","text.ini",14,12,5329632,-1,
759,"Blood Effects"," ","text.ini",14,12,5330016,-1,
760,"Monster Stats"," ","text.ini",14,12,5330096,-1,
761,"To Next Level"," ","text.ini",14,12,5330216,-1,
762,"8-Directional"," ","text.ini",14,12,5330400,-1,
763,"Select Mascot"," ","text.ini",14,12,5330640,-1,
764,"Mascot: Rimera"," ","text.ini",15,12,5295544,5206616,
765,"Mascot: Chrace"," ","text.ini",15,12,5295560,5206620,
766,"Mascot: Puroid"," ","text.ini",15,12,5295696,5206652,
767,"Mascot: Eggnid"," ","text.ini",15,12,5295796,5206676,
768,"Mascot: Onuman"," ","text.ini",15,12,5295880,5206696,
769,"Mascot: Baocar"," ","text.ini",15,12,5296012,5206728,
770,"Mascot: Bearot"," ","text.ini",15,12,5296080,5206744,
771,"Mascot: Trover"," ","text.ini",15,12,5296132,5206756,
772,"Mascot: Godrup"," ","text.ini",15,12,5296148,5206760,
773,"Mascot: Delpus"," ","text.ini",15,12,5296164,5206764,
774,"Mascot: Gearot"," ","text.ini",15,12,5296268,5206784,
775,"Mascot: Zearot"," ","text.ini",15,12,5296340,5206800,
776,"Tasty Rodentia"," ","text.ini",15,12,5297736,-1,
777,"Priestess Reah"," ","text.ini",15,12,5297784,-1,
778,"Mascot: Larsen"," ","text.ini",15,12,5297944,5206316,
779,"Mascot: Marina"," ","text.ini",15,12,5297960,5206320,
780,"Mascot: Carson"," ","text.ini",15,12,5298700,5206500,
781,"Mascot: Sheila"," ","text.ini",15,12,5298776,5206520,
782,"Mascot: Paulie"," ","text.ini",15,12,5298924,5206556,
783,"Mascot: Flonne"," ","text.ini",15,12,5299084,5206596,
784,"Ancient Tablet"," ","text.ini",15,12,5301144,5425000,
785,"Silver Pendant"," ","text.ini",15,12,5301300,5425144,
786,"Banoa's Letter","芭诺娅的信","text.ini",2,12,5301460,5425304,
787,"Celceta Flower"," ","text.ini",15,12,5301572,5425464,
788,"Guido's Armory"," ","text.ini",15,12,5309372,-1,
789,"Rasteenie Mine"," ","text.ini",15,12,5310520,-1,
790,"Tomb of Dabbie"," ","text.ini",15,12,5311128,-1,
791,"Colony of Lava"," ","text.ini",15,12,5311192,-1,
792,"Deserted House"," ","text.ini",15,12,5311316,-1,
793,"Gaytkeepah Jr."," ","text.ini",15,12,5315080,-1,
794,"Gaytkeepah 007"," ","text.ini",15,12,5315208,-1,
795,"Unprofessional"," ","text.ini",15,12,5315964,-1,
796,"Murder-machine"," ","text.ini",15,12,5316164,-1,
797,"Wild and Crazy"," ","text.ini",15,12,5316328,-1,
798,"Dearly Beloved"," ","text.ini",15,12,5316708,-1,
799,"Foggy-bottomed"," ","text.ini",15,12,5316852,-1,
800,"Free-the-beast"," ","text.ini",15,12,5317160,-1,
801,"Darned-to-heck"," ","text.ini",15,12,5317392,-1,
802,"Straight-laced"," ","text.ini",15,12,5317536,-1,
803,"Grave-traveler"," ","text.ini",15,12,5317612,-1,
804,"Corroded Angel"," ","text.ini",15,12,5318032,-1,
805,"Mascot: Godaago"," ","text.ini",16,12,5295596,5206628,
806,"Mascot: Gnometh"," ","text.ini",16,12,5295632,5206636,
807,"Mascot: Zolgell"," ","text.ini",16,12,5295648,5206640,
808,"Mascot: Ripplet"," ","text.ini",16,12,5295664,5206644,
809,"Mascot: K'nocks"," ","text.ini",16,12,5295712,5206656,
810,"Mascot: Gercard"," ","text.ini",16,12,5295780,5206672,
811,"Mascot: Galgata"," ","text.ini",16,12,5295812,5206680,
812,"Mascot: Gworter"," ","text.ini",16,12,5295828,5206684,
813,"Mascot: Scollun"," ","text.ini",16,12,5295896,5206700,
814,"Mascot: Magnute"," ","text.ini",16,12,5295980,5206720,
815,"Mascot: Ashveil"," ","text.ini",16,12,5295996,5206724,
816,"Mascot: Nashzar"," ","text.ini",16,12,5296028,5206732,
817,"Mascot: Nustarl"," ","text.ini",16,12,5296064,5206740,
818,"Mascot: Allomod"," ","text.ini",16,12,5296116,5206752,
819,"Mascot: Ceabith"," ","text.ini",16,12,5296284,5206788,
820,"Troubadour Reah"," ","text.ini",16,12,5297528,-1,
821,"Priestess Lilia"," ","text.ini",16,12,5297648,-1,
822,"Priestess Feena"," ","text.ini",16,12,5297768,-1,
823,"Mascot: Saffron"," ","text.ini",16,12,5297976,5206324,
824,"Mascot: Lucille"," ","text.ini",16,12,5298024,5206336,
825,"Mascot: Natasha"," ","text.ini",16,12,5298256,5206388,
826,"Mascot: Natalie"," ","text.ini",16,12,5298716,5206504,
827,"Mascot: Chelnie"," ","text.ini",16,12,5298760,5206516,
828,"Rod of Divinity"," ","text.ini",16,12,5301184,5425016,
829,"Bestiary Potion"," ","text.ini",16,12,5301652,5425560,
830,"Lv.%s Swordsman"," ","text.ini",16,12,5306972,-1,
831,"Jade's Oddities"," ","text.ini",16,12,5309356,-1,
832,"Gila's Basement"," ","text.ini",16,12,5311012,-1,
833,"Moondoria Field"," ","text.ini",16,12,5311064,-1,
834,"Shrine Entrance"," ","text.ini",16,12,5311360,-1,
835,"Mostly Harmless"," ","text.ini",16,12,5315428,-1,
836,"Sticky-fingered"," ","text.ini",16,12,5315468,-1,
837,"Goddess-fearing"," ","text.ini",16,12,5316444,-1,
838,"Career Criminal"," ","text.ini",16,12,5316596,-1,
839,"Vicissitudinary"," ","text.ini",16,12,5316824,-1,
840,"Hopelessly Lost"," ","text.ini",16,12,5316896,-1,
841,"White Lightnin'"," ","text.ini",16,12,5316976,-1,
842,"Sturm und Drang"," ","text.ini",16,12,5316992,-1,
843,"Desperate Angel"," ","text.ini",16,12,5317964,-1,
844,"Sleepless Angel"," ","text.ini",16,12,5318008,-1,
845,"Normal Movement"," ","text.ini",16,12,5330328,-1,
846,"A Legend Is Born"," ","text.ini",17,12,5196872,-1,
847,"Personal Trainer"," ","text.ini",17,12,5197116,-1,
848,"Mascot: Cauction"," ","text.ini",17,12,5295576,5206624,
849,"Mascot: Warrizor"," ","text.ini",17,12,5295612,5206632,
850,"Mascot: El Endes"," ","text.ini",17,12,5296044,5206736,
851,"Mascot: Forkless"," ","text.ini",17,12,5296228,5206776,
852,"Mascot: Charront"," ","text.ini",17,12,5296300,5206792,
853,"Mascot: Valkyria"," ","text.ini",17,12,5296320,5206796,
854,"Mascot: Zavanite"," ","text.ini",17,12,5296356,5206804,
855,"Mascot: Duckling"," ","text.ini",17,12,5296852,5206888,
856,"Prosperity Charm"," ","text.ini",17,12,5297468,-1,
857,"Imprisoned Maria"," ","text.ini",17,12,5297576,-1,
858,"Photogenic Lilia"," ","text.ini",17,12,5297596,-1,
859,"Gussied-Up Lilia"," ","text.ini",17,12,5297616,-1,
860,"China-Dress Reah"," ","text.ini",17,12,5297820,-1,
861,"Mascot: Caesaria"," ","text.ini",17,12,5298792,5206524,
862,"PtlMagicBarrier1"," ","text.ini",17,12,5299376,-1,
863,"Whisper Earrings"," ","text.ini",17,12,5301228,5425096,
864,"Silver Harmonica"," ","text.ini",17,12,5301328,5425176,
865,"Lilia's Medicine"," ","text.ini",17,12,5301440,5425320,
866,"Flonne's Garment"," ","text.ini",17,12,5301704,5425624,
867,"BackBufferHeight"," ","text.ini",17,12,5311880,-1,
868,"Fast-as-anything"," ","text.ini",17,12,5315600,-1,
869,"Familiar-looking"," ","text.ini",17,12,5315776,-1,
870,"Fast and Furious"," ","text.ini",17,12,5316044,-1,
871,"Pleasure-seeking"," ","text.ini",17,12,5316740,-1,
872,"Break-everything"," ","text.ini",17,12,5317316,-1,
873,"Bowel Enthusiast"," ","text.ini",17,12,5317712,-1,
874,"Mascot: Orihalcus"," ","text.ini",18,12,5295744,5206664,
875,"Mascot: Xelbenoth"," ","text.ini",18,12,5295912,5206704,
876,"Mascot: Malochius"," ","text.ini",18,12,5296096,5206748,
877,"Mascot: Rewillvan"," ","text.ini",18,12,5296248,5206780,
878,"Mascot: Dark Fact"," ","text.ini",18,12,5296640,5206852,
879,"What will you do?"," ","text.ini",18,12,5306840,-1,
880,"Sanctuary of Toal"," ","text.ini",18,12,5310536,-1,
881,"Shrine, Underpass"," ","text.ini",18,12,5310628,-1,
882,"Campanile of Lane"," ","text.ini",18,12,5310648,-1,
883,"Shrine, West Wing"," ","text.ini",18,12,5310808,-1,
884,"Shrine, East Wing"," ","text.ini",18,12,5310864,-1,
885,"Elder's Residence"," ","text.ini",18,12,5310928,-1,
886,"Runaways' Hideout"," ","text.ini",18,12,5311416,-1,
887,"Goddesses' Palace"," ","text.ini",18,12,5311460,-1,
888,"Reincarnated Pony"," ","text.ini",18,12,5317140,-1,
889,"Desecrate-o-Matic"," ","text.ini",18,12,5318108,-1,
890,"Wall Transparency"," ","text.ini",18,12,5329996,-1,
891,"Mascot: Preliguard"," ","text.ini",19,12,5295860,5206692,
892,"Mascot: Luck Charm"," ","text.ini",19,12,5296400,5206812,
893,"Mascot: Maid Lilia"," ","text.ini",19,12,5296744,5206868,
894,"Mascot: Chun-Lilia"," ","text.ini",19,12,5296788,5206876,
895,"Mascot: Masontorch"," ","text.ini",19,12,5297924,5206312,
896,"Mascot: Flair Rall"," ","text.ini",19,12,5298100,5206352,
897,"Mascot: Luta Gemma"," ","text.ini",19,12,5298600,5206476,
898,"Scroll of Guidance"," ","text.ini",19,12,5301372,5425208,
899,"Subterranean Canal"," ","text.ini",19,12,5310596,-1,
900,"Core of Ancient Ys"," ","text.ini",19,12,5310692,-1,
901,"Ruins of Moondoria"," ","text.ini",19,12,5311044,-1,
902,"Lord Gaytkeepah VI"," ","text.ini",19,12,5315156,-1,
903,"Gaytkeepah V, P.I."," ","text.ini",19,12,5315176,-1,
904,"Mascot: Study Charm"," ","text.ini",20,12,5296468,5206824,
905,"Mascot: Tailed Tarf"," ","text.ini",20,12,5296808,5206880,
906,"Mascot: Leonor Rall"," ","text.ini",20,12,5298080,5206348,
907,"Chelnie's Hair Band"," ","text.ini",20,12,5301668,5425608,
908,"Zalem's Battle Best"," ","text.ini",20,12,5309436,-1,
909,"Moat of Burnedbless"," ","text.ini",20,12,5310556,-1,
910,"Ice Ridge of Noltia"," ","text.ini",20,12,5310576,-1,
911,"Schadenfreude-prone"," ","text.ini",20,12,5316760,-1,
912,"Otium cum Dignitate"," ","text.ini",20,12,5317120,-1,
913,"Kinda Sorta Visible"," ","text.ini",20,12,5318212,-1,
914,"Keep the Doctor Away"," ","text.ini",21,12,5196908,-1,
915,"Mascot: Dyphthelloid"," ","text.ini",21,12,5296180,5206768,
916,"Mascot: In Situ Tarf"," ","text.ini",21,12,5296204,5206772,
917,"Mascot: Safety Charm"," ","text.ini",21,12,5296376,5206808,
918,"Mascot: Health Charm"," ","text.ini",21,12,5296444,5206820,
919,"Mascot: Nurse Sarina"," ","text.ini",21,12,5298216,5206380,
920,"Anti-Illusion Mirror"," ","text.ini",21,12,5301348,5425224,
921,"Rall Family Wellness"," ","text.ini",21,12,5309404,-1,
922,"Gaytkeepah III, Esq."," ","text.ini",21,12,5315132,-1,
923,"Squallish Snow Cloud"," ","text.ini",21,12,5316940,-1,
924,"Song's-about-me Vain"," ","text.ini",21,12,5317552,-1,
925,"Mascot: Success Charm"," ","text.ini",22,12,5296420,5206816,
926,"Mascot: I Heart Zalem"," ","text.ini",22,12,5296828,5206884,
927,"Mascot: Swooned Feena"," ","text.ini",22,12,5296924,5206900,
928,"Mascot: Elder Cornell"," ","text.ini",22,12,5298056,5206344,
929,"Shrine, Mesa's Sector"," ","text.ini",22,12,5310784,-1,
930,"Shrine, Fact's Sector"," ","text.ini",22,12,5310828,-1,
931,"Gaytkeepah Numba Nine"," ","text.ini",22,12,5315236,-1,
932,"Oh-the-pain-of-it-all"," ","text.ini",22,12,5317096,-1,
933,"Mt. Precious Mud-made"," ","text.ini",22,12,5317784,-1,
934,"Mascot: Tasty Rodentia"," ","text.ini",23,12,5296900,5206896,
935,"Mascot: Priestess Reah"," ","text.ini",23,12,5296972,5206908,
936,"Shrine, Hadal's Sector"," ","text.ini",23,12,5310668,-1,
937,"Shrine, Tovah's Sector"," ","text.ini",23,12,5310736,-1,
938,"Shrine, Gemma's Sector"," ","text.ini",23,12,5310760,-1,
939,"Shrine, Palace Grounds"," ","text.ini",23,12,5311392,-1,
940,"Dr. Gaytkeepah IV, DDS"," ","text.ini",23,12,5315108,-1,
941,"Secret Goddess Admirer"," ","text.ini",23,12,5317188,-1,
942,"Mascot: Troubadour Reah"," ","text.ini",24,12,5296572,5206840,
943,"Mascot: Priestess Lilia"," ","text.ini",24,12,5296764,5206872,
944,"Mascot: Priestess Feena"," ","text.ini",24,12,5296948,5206904,
945,"Shrine, Dabbie's Sector"," ","text.ini",24,12,5310712,-1,
946,"Lair of the Black Pearl"," ","text.ini",24,12,5311436,-1,
947,"The Hand That Feeds Them"," ","text.ini",25,12,5197024,-1,
948,"Mascot: Prosperity Charm"," ","text.ini",25,12,5296488,5206828,
949,"Mascot: Imprisoned Maria"," ","text.ini",25,12,5296660,5206856,
950,"Mascot: Photogenic Lilia"," ","text.ini",25,12,5296688,5206860,
951,"Mascot: Gussied-Up Lilia"," ","text.ini",25,12,5296716,5206864,
952,"Mascot: China-Dress Reah"," ","text.ini",25,12,5297024,5206916,
953,"Please choose game mode."," ","text.ini",25,12,5331348,-1,
954,"Cancel System Data save?"," ","text.ini",25,12,5333176,-1,
955,"Mascot: Exploding Pumpkin"," ","text.ini",26,12,5296872,5206892,
956,"Mascot: China-Dress Feena"," ","text.ini",26,12,5296996,5206912,
957,"Mascot: Rado's Annex Reah"," ","text.ini",26,12,5297052,5206920,
958,"Revenge of Sworded Details"," ","text.ini",27,12,5196948,-1,
959,"Set Sail For New Adventure"," ","text.ini",27,12,5197228,-1,
960,"Mascot: Fortuneteller Sara"," ","text.ini",27,12,5296516,5206832,
961,"Mascot: Plainclothes Feena"," ","text.ini",27,12,5296596,5206844,
962,"Mascot: Hello Minea's Nurse"," ","text.ini",28,12,5296544,5206836,
963,"And Your Children's Children"," ","text.ini",29,12,5197168,-1,
964,"What the Legends Don't Tell You"," ","text.ini",32,12,5196976,-1,
965,"Please choose difficulty level."," ","text.ini",32,12,5310296,-1,
966,"#c3#Stop enemies in their tracks."," ","text.ini",34,12,5331584,-1,
967,"#c3#Teleport to any friendly location."," ","text.ini",39,12,5331544,-1,
968,"#c3#Invoke the Goddesses to weaken Darm."," ","text.ini",41,12,5331876,-1,
969,"#c3#Erect a force field for added protection."," ","text.ini",46,12,5331496,-1,
970,"#c3#Light the darkness and reveal secret exits."," ","text.ini",48,12,5331408,-1,
971,"#c3#Recover HP in dungeons when standing still."," ","text.ini",48,12,5331720,-1,
972,"Contains #c2#[%s]#c#, but\nAdol already has that."," ","text.ini",49,12,5293248,-1,
973,"It's #c2#[%s]#c#, but Adol\ncan't carry any more."," ","text.ini",49,12,5299724,-1,
974,"#c3#Add \Multi-Homing\" ability to the Fire magic.""," ","text.ini",50,12,5331620,-1,
